mass_msun,snr_full_window,ratio_true_at_t0,start_M,trials,strong_fraction_dBIC_gt_10,positive_fraction_dBIC_gt_0,median_delta_bic,p10_delta_bic,p90_delta_bic,median_ratio_rec
30.0,12.0,0.0,0.0,100,0.0,0.0,-13.11835324702838,-14.02537503091196,-10.339739198461007,0.08706763746846281
30.0,12.0,0.0,10.0,100,0.0,0.0,-13.040720814482938,-13.983392851356985,-10.657429419896172,0.09481051914681599
30.0,12.0,0.0,20.0,100,0.0,0.0,-12.914357485524079,-13.930012141058706,-10.659003092146074,0.094961913487908
30.0,12.0,0.02,0.0,100,0.0,0.0,-12.668238278785907,-13.99646109626492,-10.14284663289481,0.09758112572959378
30.0,12.0,0.02,10.0,100,0.0,0.0,-12.719004841181572,-13.823627483895574,-9.620317356023724,0.10600227277761526
30.0,12.0,0.02,20.0,100,0.0,0.0,-12.84450421213296,-13.862508182429679,-9.193502224612393,0.09115480938856525
30.0,12.0,0.05,0.0,100,0.0,0.0,-12.38239181197548,-14.023039800448306,-7.577036749228066,0.0997379804512489
30.0,12.0,0.05,10.0,100,0.0,0.0,-12.459165155652727,-13.986583280689047,-8.597442848820219,0.11236853728820917
30.0,12.0,0.05,20.0,100,0.0,0.0,-12.376177930917947,-13.898701896891543,-8.446184077856785,0.11558655032508483
30.0,12.0,0.1,0.0,100,0.0,0.0,-11.78437767101002,-13.524728461093172,-6.59051505510415,0.11707696584182231
30.0,12.0,0.1,10.0,100,0.0,0.0,-12.101078580317107,-13.684543418194085,-7.097338273066998,0.11815391195171192
30.0,12.0,0.1,20.0,100,0.0,0.0,-11.767325071757227,-13.664022346335742,-7.8344658627402595,0.12333612131864827
30.0,12.0,0.2,0.0,100,0.05,0.22,-6.212945668240081,-12.092856058737357,7.664682315018313,0.21798379282019137
30.0,12.0,0.2,10.0,100,0.02,0.19,-7.518372587824047,-12.574817195379273,4.453579300147299,0.2136670704350347
30.0,12.0,0.2,20.0,100,0.02,0.17,-7.437778442748481,-12.641997677546078,3.046381292736082,0.204987179086212
30.0,12.0,0.3,0.0,100,0.19,0.5,-0.162783054392321,-9.554368654397809,20.141923150211962,0.29750824863689085
30.0,12.0,0.3,10.0,100,0.17,0.4,-3.220845722287777,-10.092166373581449,14.838933684609695,0.2985150437879911
30.0,12.0,0.3,20.0,100,0.13,0.39,-3.758115807072634,-10.584804068210281,12.380360362604243,0.29974371775521076
30.0,20.0,0.0,0.0,100,0.0,0.0,-13.067704917880178,-14.023486639653334,-10.378779221380535,0.05524309811289415
30.0,20.0,0.0,10.0,100,0.0,0.0,-13.127068061488103,-14.008272224226611,-10.82749041298409,0.05412380622804144
30.0,20.0,0.0,20.0,100,0.0,0.0,-12.97835695602862,-13.971182413517606,-10.503643805510505,0.05984755737974585
30.0,20.0,0.02,0.0,100,0.0,0.0,-12.847069948622015,-14.007616079042469,-9.886108029509885,0.05761891032312805
30.0,20.0,0.02,10.0,100,0.0,0.0,-12.948833235154659,-13.986463823310708,-10.569901320860315,0.060819543413235285
30.0,20.0,0.02,20.0,100,0.0,0.0,-12.736812364546146,-13.925341766812055,-9.565604030224119,0.06329532437444494
30.0,20.0,0.05,0.0,100,0.0,0.0,-12.475393443137963,-13.916324350689476,-7.988465028508308,0.06902302272272315
30.0,20.0,0.05,10.0,100,0.0,0.0,-12.54761395632955,-13.95915045004361,-8.398099083357042,0.07149867831670533
30.0,20.0,0.05,20.0,100,0.0,0.0,-12.40987238336698,-13.852964677640207,-7.9888891644353315,0.07585858209342899
30.0,20.0,0.1,0.0,100,0.03,0.11,-7.262856582883593,-12.744385467201534,2.9348194427947256,0.10528647150037337
30.0,20.0,0.1,10.0,100,0.01,0.08,-8.328211058686887,-12.945017130510124,0.2801662637203043,0.10369454399965654
30.0,20.0,0.1,20.0,100,0.02,0.08,-8.863933205263743,-13.18969035403979,0.7533778886589007,0.1060573118987264
30.0,20.0,0.2,0.0,100,0.32,0.69,3.687733123357778,-6.857914092380705,19.6468581400505,0.20235796019979587
30.0,20.0,0.2,10.0,100,0.29,0.65,2.1957839364042037,-8.700215956673744,17.240598347993754,0.20069983790344695
30.0,20.0,0.2,20.0,100,0.25,0.64,1.2901481695031192,-9.234298233370965,16.608396686863717,0.20019215051142294
30.0,20.0,0.3,0.0,100,0.77,0.96,24.99803090451673,-0.3079908846390447,49.01380122963691,0.2999637182573766
30.0,20.0,0.3,10.0,100,0.73,0.95,21.08389975099386,-1.8788602205237466,45.50705652146139,0.3002022343850838
30.0,20.0,0.3,20.0,100,0.7,0.94,18.904826567232626,-3.900528835043204,42.14937415545439,0.30170435729779315
30.0,30.0,0.0,0.0,100,0.0,0.0,-12.515684126227484,-13.978112085633117,-9.160361346430976,0.03815463591646125
30.0,30.0,0.0,10.0,100,0.0,0.0,-12.64810196044482,-13.971965575550143,-9.475031772560919,0.03942221829096174
30.0,30.0,0.0,20.0,100,0.0,0.0,-12.148810221085341,-13.907301223083509,-8.643139257511907,0.04109000566191076
30.0,30.0,0.02,0.0,100,0.0,0.0,-12.389147423705681,-13.986514350695182,-8.227340767702308,0.04084893768867675
30.0,30.0,0.02,10.0,100,0.0,0.0,-12.340337656210059,-13.991783390746943,-8.11871744181489,0.04134039591622032
30.0,30.0,0.02,20.0,100,0.0,0.0,-12.240415864257787,-13.914360564287966,-8.186450819971017,0.04144851511537358
30.0,30.0,0.05,0.0,100,0.0,0.01,-10.555935506722619,-13.530708581564753,-3.1891494241825266,0.05667949854247753
30.0,30.0,0.05,10.0,100,0.0,0.01,-10.601280261372833,-13.567471398186265,-3.4560308178825272,0.05633832418794059
30.0,30.0,0.05,20.0,100,0.0,0.01,-10.72826194276244,-13.566643430723206,-3.728597253409187,0.05424815026295657
30.0,30.0,0.1,0.0,100,0.09,0.41,-1.826893992200735,-10.320987300398606,9.28300713337313,0.09923796678100984
30.0,30.0,0.1,10.0,100,0.06,0.39,-2.801397871454911,-11.20492482674212,7.4324968526400215,0.10183702784153218
30.0,30.0,0.1,20.0,100,0.04,0.37,-3.613317255344339,-11.4004638814379,6.3146143649810615,0.10175644098891999
30.0,30.0,0.2,0.0,100,0.8,0.99,31.87095350345809,6.262327493395295,52.4494310590425,0.19918257605334242
30.0,30.0,0.2,10.0,100,0.76,0.98,27.60997198352458,3.4317389659019633,47.07478269759705,0.20048135691697002
30.0,30.0,0.2,20.0,100,0.77,0.98,25.075158005135255,2.128068317020234,44.44438076993904,0.199680835707922
30.0,30.0,0.3,0.0,100,0.96,1.0,76.45731672364447,44.08436630725471,109.98446864270595,0.30077440144999994
30.0,30.0,0.3,10.0,100,0.95,1.0,64.6515472322802,36.54104213634932,94.01345570469204,0.3019001626696515
30.0,30.0,0.3,20.0,100,0.93,1.0,57.822361548859505,32.218323252938675,85.3762622903682,0.2998336075488698
30.0,40.0,0.0,0.0,100,0.0,0.0,-12.715047584597983,-13.906081082611445,-9.83023265714262,0.027962890100731867
30.0,40.0,0.0,10.0,100,0.0,0.0,-12.763074107155035,-13.95263302180138,-9.915268827140688,0.03082549834035696
30.0,40.0,0.0,20.0,100,0.0,0.0,-12.858530583856123,-13.963306002237422,-9.879882243550303,0.03146597357160325
30.0,40.0,0.02,0.0,100,0.0,0.0,-12.489179911523886,-13.84767057850762,-8.402163834647272,0.03242675070605749
30.0,40.0,0.02,10.0,100,0.0,0.0,-12.396925689623628,-13.892216360541856,-8.083009949483577,0.034591354530255626
30.0,40.0,0.02,20.0,100,0.0,0.0,-12.411315037095954,-13.830567819776562,-8.122160014916209,0.0351211820892405
30.0,40.0,0.05,0.0,100,0.0,0.03,-7.987750890393127,-12.828865268059243,-0.6654117506334372,0.05173903153786914
30.0,40.0,0.05,10.0,100,0.0,0.03,-8.507683663234945,-12.928999446982196,-1.1438384561475305,0.05104049308593241
30.0,40.0,0.05,20.0,100,0.0,0.03,-8.884616450511412,-12.98539551594668,-1.8632145011878906,0.05136114260462665
30.0,40.0,0.1,0.0,100,0.25,0.8,5.850922869539944,-5.156431824956834,17.262899403837688,0.10081282074847129
30.0,40.0,0.1,10.0,100,0.21,0.73,4.076290901648083,-6.812621470855028,16.09348717847164,0.10102168501785615
30.0,40.0,0.1,20.0,100,0.16,0.7,3.346255334708926,-7.389719362441333,14.171521456479372,0.10019143509334114
30.0,40.0,0.2,0.0,100,0.98,1.0,66.2182466553584,37.22993093810564,91.2317847727928,0.20076879837182217
30.0,40.0,0.2,10.0,100,0.98,1.0,54.28570209933526,28.37440996101259,78.54596589169583,0.20049862730443268
30.0,40.0,0.2,20.0,100,0.98,1.0,49.861448669185016,25.183616196666428,72.02810065646323,0.20157886986046237
30.0,40.0,0.3,0.0,100,1.0,1.0,137.78638314955466,98.77285080866199,178.6049615617227,0.2998954568908534
30.0,40.0,0.3,10.0,100,1.0,1.0,114.5690596550214,78.31621664973323,150.50291972219484,0.29915640309027004
30.0,40.0,0.3,20.0,100,1.0,1.0,102.16727045422197,67.81069515277275,134.7916568885515,0.2988609274547407
60.0,12.0,0.0,0.0,100,0.0,0.0,-12.498189014385161,-13.920717286187344,-8.619304463572356,0.08484425795453826
60.0,12.0,0.0,10.0,100,0.0,0.0,-12.810580515859101,-13.911635068552747,-9.157563413219091,0.08597754302427953
60.0,12.0,0.0,20.0,100,0.0,0.0,-12.603283973548287,-13.89520336108354,-9.162061474767782,0.09649580661206955
60.0,12.0,0.02,0.0,100,0.0,0.0,-12.57617178820059,-13.87650258084036,-8.247294644089397,0.08496681175511967
60.0,12.0,0.02,10.0,100,0.0,0.0,-12.635697832138762,-13.887686058066417,-8.290281578155345,0.08933261543138197
60.0,12.0,0.02,20.0,100,0.0,0.0,-12.662272135980039,-13.878932711744783,-8.718086198185233,0.09674606809057861
60.0,12.0,0.05,0.0,100,0.0,0.0,-11.655202348766098,-13.700199241114484,-6.634949312518061,0.09723545036100726
60.0,12.0,0.05,10.0,100,0.0,0.0,-11.647856358508377,-13.678693096519742,-6.486935515398748,0.09928546756447232
60.0,12.0,0.05,20.0,100,0.0,0.0,-11.554842301014591,-13.649867778532302,-6.592911690339225,0.10271628109832803
60.0,12.0,0.1,0.0,100,0.0,0.0,-10.03753465695074,-13.27245775186852,-3.369201595698855,0.11557569936189994
60.0,12.0,0.1,10.0,100,0.0,0.0,-9.913936998865991,-13.259426954924998,-3.1338071639793794,0.11756582319149369
60.0,12.0,0.1,20.0,100,0.0,0.0,-9.739140574097993,-13.134346532448248,-3.2983544262184815,0.11863374693196285
60.0,12.0,0.2,0.0,100,0.1,0.41,-2.150321646516636,-10.901087348166541,10.01571457168926,0.20512472140975678
60.0,12.0,0.2,10.0,100,0.06,0.38,-2.840167029455434,-11.513434517253259,8.356133133981509,0.2055379548077407
60.0,12.0,0.2,20.0,100,0.04,0.34,-3.2419374237159137,-11.561633181571949,6.999078175343664,0.20572893981467593
60.0,12.0,0.3,0.0,100,0.45,0.76,6.617958534816877,-5.295823004240847,24.40102963578972,0.29701030559566834
60.0,12.0,0.3,10.0,100,0.37,0.68,3.6408907281359106,-6.884782841926245,20.225383547292223,0.2963024391628267
60.0,12.0,0.3,20.0,100,0.33,0.65,2.555328106619031,-7.179318932773275,17.29287469874627,0.2965022333149073
60.0,20.0,0.0,0.0,100,0.0,0.0,-12.935113272598073,-13.974898047071757,-9.851948483415328,0.05089602563423295
60.0,20.0,0.0,10.0,100,0.0,0.0,-12.477414955650943,-13.88961515708962,-8.487290595191582,0.057430032447519206
60.0,20.0,0.0,20.0,100,0.0,0.0,-12.699184779244774,-13.911512829110222,-9.375226969096353,0.05784458880434854
60.0,20.0,0.02,0.0,100,0.0,0.0,-12.396662742364943,-13.890317551289567,-8.297518497416085,0.05592916157888597
60.0,20.0,0.02,10.0,100,0.0,0.0,-12.430163676012865,-13.86800506071741,-8.32208185819361,0.05666371984096264
60.0,20.0,0.02,20.0,100,0.0,0.0,-12.424929067796426,-13.880334482184578,-8.258487331265662,0.06321753427337553
60.0,20.0,0.05,0.0,100,0.0,0.0,-10.511353119524484,-13.521129287914637,-3.828622118589317,0.07110504396299378
60.0,20.0,0.05,10.0,100,0.0,0.0,-10.66769003759595,-13.589975009808442,-4.35044723683082,0.0739379497517494
60.0,20.0,0.05,20.0,100,0.0,0.0,-10.617201126305606,-13.57149805811415,-4.511961962455435,0.07306489804551739
60.0,20.0,0.1,0.0,100,0.01,0.17,-5.549573435903073,-11.446272334524149,1.8629372255472485,0.10354542105281322
60.0,20.0,0.1,10.0,100,0.0,0.13,-6.442015202323408,-12.16719287084578,0.3565534505146869,0.10390267883414054
60.0,20.0,0.1,20.0,100,0.0,0.09,-7.184952607464786,-12.312339993988348,-0.5447761568039143,0.1040036360277171
60.0,20.0,0.2,0.0,100,0.58,0.92,12.94404963794435,0.25706962793124415,28.831557918061336,0.20181293050825138
60.0,20.0,0.2,10.0,100,0.51,0.88,10.346502903205822,-1.073036939395015,26.87162092469521,0.20265137304665673
60.0,20.0,0.2,20.0,100,0.44,0.82,7.959042488816195,-3.0761893243941035,23.263539361497526,0.20102694075161548
60.0,20.0,0.3,0.0,100,0.87,1.0,34.29036765390953,8.38456354501326,57.707040633094646,0.29942837707574444
60.0,20.0,0.3,10.0,100,0.85,0.99,28.909136620678575,6.545593366682873,49.07522381662281,0.2998267564554352
60.0,20.0,0.3,20.0,100,0.79,0.99,25.032781936273696,4.598855906310899,44.36207161875679,0.299290318343765
60.0,30.0,0.0,0.0,100,0.0,0.0,-12.881515010851444,-13.95413882091218,-9.873877520167732,0.03396582515033621
60.0,30.0,0.0,10.0,100,0.0,0.0,-12.931722511093199,-13.941191595329968,-10.012821692044894,0.0356124336249109
60.0,30.0,0.0,20.0,100,0.0,0.0,-12.720910756859325,-13.91464997764025,-9.671952954602092,0.03862701388142237
60.0,30.0,0.02,0.0,100,0.0,0.0,-12.377242967364676,-13.90115202905079,-8.19973581577653,0.03900694601102794
60.0,30.0,0.02,10.0,100,0.0,0.0,-12.343571036616949,-13.882853885119719,-7.984749148132093,0.03972076120875688
60.0,30.0,0.02,20.0,100,0.0,0.0,-12.346270063850505,-13.883910032612434,-8.098341652404433,0.041739160478031895
60.0,30.0,0.05,0.0,100,0.0,0.0,-9.829478388348892,-13.331266683731662,-2.2653430835414674,0.0533706032832439
60.0,30.0,0.05,10.0,100,0.0,0.0,-9.997484145162288,-13.379586370116789,-2.841464624437652,0.05231039821243175
60.0,30.0,0.05,20.0,100,0.0,0.0,-9.894942586937008,-13.298686699725212,-2.822435603277464,0.05374508433915868
60.0,30.0,0.1,0.0,100,0.32,0.66,2.822285554860737,-6.621856933132082,16.07654009405546,0.0972352246911426
60.0,30.0,0.1,10.0,100,0.2,0.48,-0.9976482063186431,-8.423449464296282,11.791215902031873,0.09832138395243584
60.0,30.0,0.1,20.0,100,0.15,0.5,-0.9729369296611872,-8.605449921376887,11.847182634973296,0.09967543539930188
60.0,30.0,0.2,0.0,100,0.95,1.0,48.629923992678316,23.658772773021166,72.42408273334586,0.20026025177146567
60.0,30.0,0.2,10.0,100,0.9,1.0,40.088348427535366,19.83184646600323,62.07772475035816,0.20192679294607782
60.0,30.0,0.2,20.0,100,0.9,1.0,35.57705479003395,18.301894555693316,57.96983394806927,0.19897021577974593
60.0,30.0,0.3,0.0,100,1.0,1.0,98.73810364337272,63.555810241297236,138.92435644246555,0.30339951844819747
60.0,30.0,0.3,10.0,100,0.99,1.0,78.92193169560157,48.92398673230585,113.70772946057392,0.29967761774339065
60.0,30.0,0.3,20.0,100,0.98,1.0,72.43413111474618,45.78891787706749,102.03084162704778,0.30316483039769854
60.0,40.0,0.0,0.0,100,0.0,0.0,-12.481123195587998,-13.926763866424255,-8.985314339475852,0.028604980403149267
60.0,40.0,0.0,10.0,100,0.0,0.0,-12.085088879416617,-13.870310613948507,-7.928484951812537,0.030191361512303063
60.0,40.0,0.0,20.0,100,0.0,0.0,-12.314272322965849,-13.891669909966894,-8.724071229936348,0.03172570174264289
60.0,40.0,0.02,0.0,100,0.0,0.0,-11.572089992739359,-13.813221512861029,-5.810280628386298,0.03225951140462022
60.0,40.0,0.02,10.0,100,0.0,0.0,-11.699750673820907,-13.837160283733612,-6.427972946869709,0.03376738256604009
60.0,40.0,0.02,20.0,100,0.0,0.0,-11.620994778061357,-13.79605052813125,-6.334025153447748,0.03453270388667876
60.0,40.0,0.05,0.0,100,0.02,0.15,-5.62908674269078,-11.12903268179125,1.500965436071042,0.05184783551483976
60.0,40.0,0.05,10.0,100,0.01,0.13,-6.096115365743998,-11.609633199185609,0.590261558821689,0.05224229593671946
60.0,40.0,0.05,20.0,100,0.01,0.12,-6.606715323488581,-11.809649347591793,-0.2609728950196189,0.05191353997541331
60.0,40.0,0.1,0.0,100,0.68,0.98,16.567407814163767,4.051842057365689,31.837360140226075,0.10010087103545014
60.0,40.0,0.1,10.0,100,0.55,0.91,11.473838093898655,0.42610300434385735,28.01221863148049,0.09977087781443907
60.0,40.0,0.1,20.0,100,0.48,0.9,9.070827834079774,-1.573987931240348,23.069445420627583,0.09898958236149069
60.0,40.0,0.2,0.0,100,1.0,1.0,99.73865807001556,64.95801557197732,134.07462622117073,0.1989094425796755
60.0,40.0,0.2,10.0,100,1.0,1.0,81.85382506227433,51.902512049581855,114.60583794931502,0.19871278697371527
60.0,40.0,0.2,20.0,100,0.98,1.0,73.66090385377021,45.130006916552055,105.6446586050034,0.19945852136664555
60.0,40.0,0.3,0.0,100,1.0,1.0,177.18237151454515,125.19820424371468,228.64073008993462,0.2999429920125818
60.0,40.0,0.3,10.0,100,1.0,1.0,143.93405230786714,99.14239846643599,189.16524620466263,0.30029744886750316
60.0,40.0,0.3,20.0,100,1.0,1.0,127.50865661978468,88.932489508117,169.5592970882057,0.29767035421902385
100.0,12.0,0.0,0.0,100,0.0,0.0,-13.083122868726832,-14.009107367808893,-10.508270156276652,0.0879743121395609
100.0,12.0,0.0,10.0,100,0.0,0.0,-12.84293097841703,-13.99313411210084,-9.665842467278239,0.09055768926359997
100.0,12.0,0.0,20.0,100,0.0,0.0,-12.949642158126949,-13.986007456750242,-9.864733274246281,0.09688197568046445
100.0,12.0,0.02,0.0,100,0.0,0.0,-12.605017807021254,-13.932354246418915,-8.370220370001162,0.09196509840442244
100.0,12.0,0.02,10.0,100,0.0,0.0,-12.53736940186685,-13.917213991410283,-8.225356254361172,0.09453196283959025
100.0,12.0,0.02,20.0,100,0.0,0.0,-12.439285980503408,-13.884848524160651,-7.89329815740944,0.10080213345986791
100.0,12.0,0.05,0.0,100,0.0,0.0,-11.55833502760691,-13.700527603760262,-5.203134008678188,0.10567576591290645
100.0,12.0,0.05,10.0,100,0.0,0.0,-11.492606619264933,-13.64993690901331,-5.284045309821191,0.10866009717098719
100.0,12.0,0.05,20.0,100,0.0,0.0,-11.25624996457775,-13.599692691757178,-4.513701894416134,0.11496060995339558
100.0,12.0,0.1,0.0,100,0.0,0.03,-8.842436048494497,-12.965810167125803,-2.0602973044640044,0.11774205957565113
100.0,12.0,0.1,10.0,100,0.0,0.03,-8.690563437901346,-13.01430940825958,-1.8064461261617403,0.12157034362228915
100.0,12.0,0.1,20.0,100,0.0,0.04,-8.125341586490562,-12.834262720203877,-1.0221185457579797,0.12612296854700924
100.0,12.0,0.2,0.0,100,0.04,0.44,-1.836898311825088,-10.288881952504378,7.068564881210874,0.20580423374454798
100.0,12.0,0.2,10.0,100,0.04,0.46,-1.480753545558423,-10.053040243287763,6.464440106404958,0.21090598686774945
100.0,12.0,0.2,20.0,100,0.05,0.49,-0.6685003635089681,-9.518212444356738,7.8553822425287155,0.2188703164178641
100.0,12.0,0.3,0.0,100,0.38,0.81,5.716628129327873,-5.852618495178962,21.3142321986224,0.3055471586139616
100.0,12.0,0.3,10.0,100,0.42,0.85,6.48021127925901,-5.199037932811338,21.295982671642585,0.3124154796164943
100.0,12.0,0.3,20.0,100,0.45,0.86,7.580560582448597,-4.227328878653619,22.862346597179903,0.32637497094608695
100.0,20.0,0.0,0.0,100,0.0,0.0,-12.74698531682634,-13.967825745077694,-9.03457324849965,0.053467581521812735
100.0,20.0,0.0,10.0,100,0.0,0.0,-12.866415930517064,-13.955591563750556,-9.453004896096139,0.056522134741739895
100.0,20.0,0.0,20.0,100,0.0,0.0,-12.634226115103502,-13.918248163457547,-8.584760332642477,0.05807924769878355
100.0,20.0,0.02,0.0,100,0.0,0.0,-12.191933031748296,-13.849672381383726,-7.15356794931455,0.0579804250791999
100.0,20.0,0.02,10.0,100,0.0,0.0,-12.103255502068069,-13.809239879355898,-7.074552216356156,0.060446833461856
100.0,20.0,0.02,20.0,100,0.0,0.0,-11.896446037012958,-13.793135541344938,-6.487307223622742,0.06333917018774144
100.0,20.0,0.05,0.0,100,0.0,0.0,-10.55301593399035,-13.4309278260898,-4.0162173224047,0.07157204384877079
100.0,20.0,0.05,10.0,100,0.0,0.0,-10.497695314387827,-13.383659550705404,-3.858086068476616,0.07430232098279924
100.0,20.0,0.05,20.0,100,0.0,0.0,-10.096017851338308,-13.284613352060054,-3.3153925186616155,0.07778349374131415
100.0,20.0,0.1,0.0,100,0.01,0.19,-5.102673782315647,-11.152927990865585,1.8321873644399726,0.1034744897013176
100.0,20.0,0.1,10.0,100,0.02,0.2,-4.877827637890498,-11.034333833625232,1.8411406066863395,0.1062271971143462
100.0,20.0,0.1,20.0,100,0.01,0.21,-4.481435222961577,-10.753990374055508,2.5879987706298346,0.1106644451550954
100.0,20.0,0.2,0.0,100,0.5,0.91,11.575997066750892,-0.31057232452670693,28.791662157236338,0.20177378877376594
100.0,20.0,0.2,10.0,100,0.54,0.91,11.28549847440148,0.5226159329427714,27.454709314344373,0.20445764272328157
100.0,20.0,0.2,20.0,100,0.49,0.93,9.539439826964268,-0.6006289971890012,26.796684129509126,0.2093865149686983
100.0,20.0,0.3,0.0,100,0.84,0.99,31.478822437280817,5.086575394377631,58.106370911933896,0.2997419312583791
100.0,20.0,0.3,10.0,100,0.87,0.99,32.24645564812521,6.77611068088818,60.95451158150129,0.3025738875782196
100.0,20.0,0.3,20.0,100,0.88,0.99,31.379283358998283,6.021353490747189,59.136055328593194,0.30836350067696855
100.0,30.0,0.0,0.0,100,0.0,0.0,-12.35918461003223,-13.893833579181307,-8.769914540466022,0.03663997665947991
100.0,30.0,0.0,10.0,100,0.0,0.0,-12.63966059848201,-13.935621388068255,-9.230666580170335,0.03764113487742669
100.0,30.0,0.0,20.0,100,0.0,0.0,-12.62437045054503,-13.92743133921094,-9.331851464611856,0.03830760536805628
100.0,30.0,0.02,0.0,100,0.0,0.0,-11.969897876506444,-13.7970105871314,-7.1885623229623795,0.03980067394690195
100.0,30.0,0.02,10.0,100,0.0,0.0,-12.021532083191212,-13.797115605604314,-7.356118439157315,0.04154425718258561
100.0,30.0,0.02,20.0,100,0.0,0.0,-11.965149878544346,-13.759358685212269,-7.044496499813964,0.044702206158903975
100.0,30.0,0.05,0.0,100,0.01,0.06,-8.034487227263238,-12.699096158083683,-0.8174443050349622,0.05398361888334669
100.0,30.0,0.05,10.0,100,0.01,0.05,-8.50544195857846,-12.899089614054576,-1.6041418562540777,0.05434949220551734
100.0,30.0,0.05,20.0,100,0.01,0.05,-8.488844234156044,-12.841233490683411,-1.5448556607674913,0.05633156345848765
100.0,30.0,0.1,0.0,100,0.16,0.51,0.37743198022982205,-8.1666995926343,10.842964361341857,0.09979824947370597
100.0,30.0,0.1,10.0,100,0.11,0.4,-2.2479590928884067,-9.938540302270942,9.44045391507002,0.10346929001958759
100.0,30.0,0.1,20.0,100,0.11,0.36,-3.6161165565189106,-10.611298499485644,9.451675803514439,0.09950883902291531
100.0,30.0,0.2,0.0,100,0.94,0.99,46.05270855663981,23.708891088988813,69.1371123304336,0.19887723060557363
100.0,30.0,0.2,10.0,100,0.88,0.99,33.91902957896482,17.084446623721094,56.68366602236671,0.1976455451317552
100.0,30.0,0.2,20.0,100,0.86,0.98,29.27479873371983,14.056467143222857,51.16893203188202,0.20126418503695743
100.0,30.0,0.3,0.0,100,1.0,1.0,83.74584418566807,52.30196032150316,125.58156636337923,0.3012176280211404
100.0,30.0,0.3,10.0,100,1.0,1.0,66.48064521251474,41.027235564063646,101.4490091441184,0.2992710216107221
100.0,30.0,0.3,20.0,100,0.99,1.0,62.16601468645329,38.40105548632635,91.1043526142016,0.30203124675147167
100.0,40.0,0.0,0.0,100,0.0,0.0,-13.252649122345701,-14.027898782786054,-10.337604330138157,0.025626129469545365
100.0,40.0,0.0,10.0,100,0.0,0.0,-13.0482645231383,-13.979254720957407,-9.789297296355201,0.027430659643344044
100.0,40.0,0.0,20.0,100,0.0,0.0,-13.120743270570301,-13.965142955098592,-9.82169079410089,0.029312753066901604
100.0,40.0,0.02,0.0,100,0.0,0.0,-12.0032655926159,-13.784074980837786,-6.4615896743390095,0.03237476441586133
100.0,40.0,0.02,10.0,100,0.0,0.0,-12.246380925894893,-13.843917212259863,-7.279979738623259,0.03387552047700845
100.0,40.0,0.02,20.0,100,0.0,0.0,-12.24124522331203,-13.826531516539764,-7.100942319010747,0.03683698109047181
100.0,40.0,0.05,0.0,100,0.04,0.16,-5.485404454556355,-11.44421801601626,2.5495400372935774,0.052927467404045844
100.0,40.0,0.05,10.0,100,0.03,0.17,-5.460562134182703,-11.465641560022614,2.8571509394145305,0.05487356171593311
100.0,40.0,0.05,20.0,100,0.02,0.14,-5.9183570642214315,-11.6072039641556,1.303098652545839,0.05481444684190556
100.0,40.0,0.1,0.0,100,0.6,0.99,14.61688343144663,4.836134261080331,27.407946658660917,0.10449129073156136
100.0,40.0,0.1,10.0,100,0.49,0.95,9.738697829010489,-0.42974438469175624,23.671385587770554,0.10591766998893407
100.0,40.0,0.1,20.0,100,0.44,0.91,8.785936548425414,-1.8888532687988952,22.50288030921714,0.10342247284607795
100.0,40.0,0.2,0.0,100,1.0,1.0,70.02520888274268,42.81985161908636,101.72414974861697,0.19754299132808426
100.0,40.0,0.2,10.0,100,1.0,1.0,53.10264246995285,33.65505741250455,80.01851153704512,0.19957424166476566
100.0,40.0,0.2,20.0,100,0.99,1.0,49.19737872455751,30.427399025296057,72.11203394815067,0.19984557314630348
100.0,40.0,0.3,0.0,100,1.0,1.0,171.73039568710744,125.40696844836138,218.6196726808182,0.29906592244706866
100.0,40.0,0.3,10.0,100,1.0,1.0,140.78079173132958,102.98997409308674,182.6089677897304,0.2958526015151968
100.0,40.0,0.3,20.0,100,1.0,1.0,125.37670728019963,91.69340374207944,162.20551950097722,0.2989063566269377
180.0,12.0,0.0,0.0,100,0.0,0.0,-12.90982581585672,-13.944481047574664,-9.62077645270632,0.08972502341158247
180.0,12.0,0.0,10.0,100,0.0,0.0,-12.868683526034488,-13.93636221371106,-9.425363100451345,0.09657908037441944
180.0,12.0,0.0,20.0,100,0.0,0.0,-12.759668296961763,-13.92913905161391,-9.279379956626144,0.10044035572620731
180.0,12.0,0.02,0.0,100,0.0,0.0,-12.445883234364857,-13.860073578274163,-7.719208841095769,0.09385138029650373
180.0,12.0,0.02,10.0,100,0.0,0.0,-12.31689101895998,-13.835876663175101,-7.245865973624223,0.09703323589700206
180.0,12.0,0.02,20.0,100,0.0,0.0,-12.246151201930987,-13.820648884091794,-6.975805438170394,0.10385047792723987
180.0,12.0,0.05,0.0,100,0.0,0.0,-11.507548388823277,-13.591563116519681,-4.278359450150882,0.10666654894359702
180.0,12.0,0.05,10.0,100,0.0,0.0,-11.445730870426337,-13.596085413358205,-4.365522141907125,0.11140845021761067
180.0,12.0,0.05,20.0,100,0.0,0.0,-11.299572384458195,-13.534234088683065,-4.098266428348175,0.11707811396736316
180.0,12.0,0.1,0.0,100,0.01,0.03,-8.222282488333298,-12.55067771952615,-1.8447975871992592,0.11954403445784453
180.0,12.0,0.1,10.0,100,0.0,0.04,-7.843899447930517,-12.378430635377025,-1.1271234785182658,0.12428397246985758
180.0,12.0,0.1,20.0,100,0.01,0.05,-7.675586281762521,-12.162246993621365,-0.6946109808347173,0.1261118806288414
180.0,12.0,0.2,0.0,100,0.06,0.47,-1.632484993043142,-10.67148437704757,7.305524349475311,0.20807391617312167
180.0,12.0,0.2,10.0,100,0.05,0.48,-1.3840177986654866,-10.466070474498371,7.942987376152709,0.21388651711786035
180.0,12.0,0.2,20.0,100,0.08,0.51,0.15491736283291792,-10.066695076279704,8.745945757160812,0.22251188126454217
180.0,12.0,0.3,0.0,100,0.31,0.74,4.633913445531262,-6.759044990423498,19.168178492227814,0.30833436950684514
180.0,12.0,0.3,10.0,100,0.33,0.77,5.031350628890153,-6.396502255149809,19.254795773038992,0.3150693099161898
180.0,12.0,0.3,20.0,100,0.38,0.8,5.87964631821487,-5.399236218806345,20.516181742194596,0.3225296899088225
180.0,20.0,0.0,0.0,100,0.0,0.0,-12.5616061869855,-13.869714189366268,-8.166243075448115,0.053376187505021945
180.0,20.0,0.0,10.0,100,0.0,0.0,-12.70279151740101,-13.905694531231866,-8.732446631220956,0.057725867399326544
180.0,20.0,0.0,20.0,100,0.0,0.0,-12.710701411770174,-13.918048825071673,-8.852906305686046,0.06065197148476401
180.0,20.0,0.02,0.0,100,0.0,0.0,-12.137877524953161,-13.765359476798175,-6.925925125121003,0.05788790879725984
180.0,20.0,0.02,10.0,100,0.0,0.0,-12.094635124301217,-13.756862376491475,-6.879235664319868,0.06033121940437363
180.0,20.0,0.02,20.0,100,0.0,0.0,-11.921037942898919,-13.699606519075262,-6.325219645083893,0.06385916872530076
180.0,20.0,0.05,0.0,100,0.0,0.0,-10.272166822698376,-13.295558036729745,-3.1332943393912983,0.07131831073064122
180.0,20.0,0.05,10.0,100,0.0,0.0,-10.071375860361626,-13.250452953680271,-2.861463016026409,0.07516507230589645
180.0,20.0,0.05,20.0,100,0.0,0.0,-9.615780159288961,-13.155702218179537,-2.055756825869825,0.07848345959074823
180.0,20.0,0.1,0.0,100,0.01,0.2,-4.584647903380142,-10.685001188394887,2.877866818672462,0.10242468811076972
180.0,20.0,0.1,10.0,100,0.0,0.21,-4.418780054930462,-10.531082162498126,3.4225507169308463,0.1066890355648176
180.0,20.0,0.1,20.0,100,0.02,0.23,-3.6526594671184586,-10.034241681614668,4.272272883856074,0.110353360249686
180.0,20.0,0.2,0.0,100,0.35,0.86,8.340490486281373,-2.774902207435412,24.302312976586655,0.19943940265236424
180.0,20.0,0.2,10.0,100,0.39,0.87,8.470955199744807,-2.745105208562422,25.361399645458206,0.20497127914636475
180.0,20.0,0.2,20.0,100,0.44,0.92,9.307668382690433,-1.615905316466163,26.44444855133405,0.20831154633313844
180.0,20.0,0.3,0.0,100,0.78,0.98,27.55048969589862,4.5124862014969045,55.74172388314644,0.29811631655216093
180.0,20.0,0.3,10.0,100,0.8,0.98,28.955139323520344,5.485012261348119,56.53944404867683,0.3033080061603109
180.0,20.0,0.3,20.0,100,0.82,0.99,30.594050286687573,6.028558199788722,59.554028022572635,0.30983147914909684
180.0,30.0,0.0,0.0,100,0.0,0.0,-12.841687912862085,-13.970019059045992,-9.374208934977977,0.03501224444932272
180.0,30.0,0.0,10.0,100,0.0,0.0,-13.126298824857551,-13.982290845149773,-10.377234229743613,0.03675073189993064
180.0,30.0,0.0,20.0,100,0.0,0.0,-12.967565343476633,-13.955861060296889,-9.818413456265641,0.038759010253951
180.0,30.0,0.02,0.0,100,0.0,0.0,-12.245092752821903,-13.827643282551836,-7.498130434275784,0.04084876350765232
180.0,30.0,0.02,10.0,100,0.0,0.0,-12.313702932632412,-13.84933652200458,-7.754991912887055,0.04183838740439416
180.0,30.0,0.02,20.0,100,0.0,0.0,-12.195199377562944,-13.809695642203487,-7.353341023515781,0.0445284972158276
180.0,30.0,0.05,0.0,100,0.0,0.0,-8.878741478904111,-13.06074621355145,-1.1251151318578622,0.05283693250434319
180.0,30.0,0.05,10.0,100,0.0,0.0,-8.704494070332266,-13.015939054254802,-0.8630743490608662,0.05567405012574468
180.0,30.0,0.05,20.0,100,0.0,0.01,-8.019133519198404,-12.727490631103204,-0.03412627260993633,0.05689949364701849
180.0,30.0,0.1,0.0,100,0.12,0.51,0.3506207662153851,-7.753044414172962,10.915025341997982,0.10162829097922756
180.0,30.0,0.1,10.0,100,0.13,0.5,-0.07549288603734627,-7.987768425350663,10.967066292467452,0.10592773982358104
180.0,30.0,0.1,20.0,100,0.16,0.54,0.8299889352461924,-7.742487607944366,12.417990553896254,0.11104637173749958
180.0,30.0,0.2,0.0,100,0.77,1.0,31.998651541506946,10.779562962329465,56.229941016685515,0.20186885645372025
180.0,30.0,0.2,10.0,100,0.77,0.98,28.885734966402167,9.693605622222187,52.91781749857834,0.20535693825441322
180.0,30.0,0.2,20.0,100,0.76,0.98,27.36431048366649,9.467349199127634,51.52237674716007,0.2103576459417598
180.0,30.0,0.3,0.0,100,0.99,1.0,78.83590825457602,45.29210666465159,114.64800485360978,0.3018035126707083
180.0,30.0,0.3,10.0,100,0.99,1.0,72.56660574678183,43.28217583668711,105.66871402366137,0.3061567346945759
180.0,30.0,0.3,20.0,100,0.99,1.0,70.07263696477619,42.04775751179752,100.83401800119656,0.31116556282179437
180.0,40.0,0.0,0.0,100,0.0,0.0,-12.894081439140534,-13.960969670279045,-9.574444879871615,0.02583309347950158
180.0,40.0,0.0,10.0,100,0.0,0.0,-12.600016256123097,-13.902530794097256,-8.641614518860939,0.02782911545920736
180.0,40.0,0.0,20.0,100,0.0,0.0,-12.691565141551303,-13.925510179168841,-8.964437496265283,0.030720077199231113
180.0,40.0,0.02,0.0,100,0.0,0.0,-11.81939977838391,-13.706471302044477,-5.555223705363831,0.03254624784751847
180.0,40.0,0.02,10.0,100,0.0,0.0,-11.698211598095438,-13.659826915058002,-5.327487811229357,0.034869287118178586
180.0,40.0,0.02,20.0,100,0.0,0.0,-11.429230036514623,-13.595580367163737,-4.6473796166865675,0.03859689869395817
180.0,40.0,0.05,0.0,100,0.0,0.04,-6.724506222444881,-11.971432483960448,-0.4973952473759635,0.05220151756641892
180.0,40.0,0.05,10.0,100,0.0,0.04,-6.412352287311158,-11.784525893253674,0.10569258646823738,0.05424924861664963
180.0,40.0,0.05,20.0,100,0.0,0.06,-5.869948379270883,-11.370722760982115,0.5991251311606599,0.05716772512073763
180.0,40.0,0.1,0.0,100,0.39,0.88,7.181451229995006,-2.458018473879964,21.371319234459723,0.10011164663978745
180.0,40.0,0.1,10.0,100,0.37,0.87,6.814894233605892,-2.599152403481112,20.833899009938047,0.10474197788467428
180.0,40.0,0.1,20.0,100,0.39,0.88,7.131755341750276,-2.637507149435387,21.900144610208467,0.10947421842326872
180.0,40.0,0.2,0.0,100,1.0,1.0,83.97146909097289,54.52942684886909,118.54461632149318,0.19963624485552608
180.0,40.0,0.2,10.0,100,1.0,1.0,83.2469764096658,52.96042865221938,116.79647037952314,0.20489743101399324
180.0,40.0,0.2,20.0,100,1.0,1.0,84.12693259431189,53.74646438854556,117.73485351680854,0.21187934941876623
180.0,40.0,0.3,0.0,100,1.0,1.0,174.7624832184661,129.2667692312503,224.6281140768352,0.29956353772921435
180.0,40.0,0.3,10.0,100,1.0,1.0,174.4794980245834,128.0138230537477,222.2535447686358,0.3051100333460423
180.0,40.0,0.3,20.0,100,1.0,1.0,179.84830445461976,130.62299240865652,229.63121186953117,0.31151336951399077
